represention,task,score,run_id,report
MAE,cremad,0.6756931012250161,f02a64a1,"Linear evaluation: cremad_ar_msm_mae.AR_MSM_MAE_f02a64a1 cremad -> 0.67569
{'audio_repr': 'ar_msm_mae.AR_MSM_MAE', 'weight_file': '/lab/msm_mae/80x512p16x16_0425/checkpoint-100.pth', 'feature_d': 3840, 'sample_rate': 16000, 'n_fft': 400, 'window_size': 400, 'hop_size': 160, 'n_mels': 80, 'f_min': 50, 'f_max': 8000, 'window': 'hanning', 'norm_pix_loss': False, 'batch_size': 16, 'lr_lineareval': 0.0003, 'report_per_epochs': 20, 'early_stop_epochs': 20, 'task_metadata': 'evar/metadata/cremad.csv', 'task_data': 'work/16k/cremad', 'unit_samples': 40000, 'id': 'cremad_ar_msm_mae.AR_MSM_MAE_9ba52102', 'runtime_cfg': {'lr': 0.0003, 'seed': 42, 'hidden': [], 'standard_scaler': True, 'mixup': False, 'epochs': 200, 'early_stop_epochs': 20, 'id': '865f5e4b'}, 'input_size': [80, 512], 'patch_size': [16, 16], 'model': 'mae_vit_base_patch16x16'}
logs/cremad_ar_msm_mae.AR_MSM_MAE_9ba52102/cremad-ar-msm-mae.MSM-MAE-LE_f02a64a1_0.67569.csv"
MAE,gtzan,0.8137931034482758,c18baa69,"Linear evaluation: gtzan_ar_msm_mae.AR_MSM_MAE_c18baa69 gtzan -> 0.81379
{'audio_repr': 'ar_msm_mae.AR_MSM_MAE', 'weight_file': '/lab/msm_mae/80x512p16x16_0425/checkpoint-100.pth', 'feature_d': 3840, 'sample_rate': 16000, 'n_fft': 400, 'window_size': 400, 'hop_size': 160, 'n_mels': 80, 'f_min': 50, 'f_max': 8000, 'window': 'hanning', 'norm_pix_loss': False, 'batch_size': 16, 'lr_lineareval': 0.0003, 'report_per_epochs': 20, 'early_stop_epochs': 20, 'task_metadata': 'evar/metadata/gtzan.csv', 'task_data': 'work/16k/gtzan', 'unit_samples': 480000, 'id': 'gtzan_ar_msm_mae.AR_MSM_MAE_383aa418', 'runtime_cfg': {'lr': 0.0003, 'seed': 42, 'hidden': [], 'standard_scaler': True, 'mixup': False, 'epochs': 200, 'early_stop_epochs': 20, 'id': '865f5e4b'}, 'input_size': [80, 512], 'patch_size': [16, 16], 'model': 'mae_vit_base_patch16x16'}
logs/gtzan_ar_msm_mae.AR_MSM_MAE_383aa418/gtzan-ar-msm-mae.MSM-MAE-LE_c18baa69_0.81379.csv"
MAE,spcv2,0.9238527941844616,04d9d9ad,"Linear evaluation: spcv2_ar_msm_mae.AR_MSM_MAE_04d9d9ad spcv2 -> 0.92385
{'audio_repr': 'ar_msm_mae.AR_MSM_MAE', 'weight_file': '/lab/msm_mae/80x512p16x16_0425/checkpoint-100.pth', 'feature_d': 3840, 'sample_rate': 16000, 'n_fft': 400, 'window_size': 400, 'hop_size': 160, 'n_mels': 80, 'f_min': 50, 'f_max': 8000, 'window': 'hanning', 'norm_pix_loss': False, 'batch_size': 16, 'lr_lineareval': 0.0003, 'report_per_epochs': 20, 'early_stop_epochs': 20, 'task_metadata': 'evar/metadata/spcv2.csv', 'task_data': 'work/16k/spcv2', 'unit_samples': 16000, 'id': 'spcv2_ar_msm_mae.AR_MSM_MAE_e6351b88', 'runtime_cfg': {'lr': 0.0003, 'seed': 42, 'hidden': [], 'standard_scaler': True, 'mixup': False, 'epochs': 200, 'early_stop_epochs': 20, 'id': '865f5e4b'}, 'input_size': [80, 512], 'patch_size': [16, 16], 'model': 'mae_vit_base_patch16x16'}
logs/spcv2_ar_msm_mae.AR_MSM_MAE_e6351b88/spcv2-ar-msm-mae.MSM-MAE-LE_04d9d9ad_0.92385.csv"
MAE,esc50,0.889,08be7180,"Linear evaluation: esc50_ar_msm_mae.AR_MSM_MAE_08be7180 esc50 -> 0.88900
{'audio_repr': 'ar_msm_mae.AR_MSM_MAE', 'weight_file': '/lab/msm_mae/80x512p16x16_0425/checkpoint-100.pth', 'feature_d': 3840, 'sample_rate': 16000, 'n_fft': 400, 'window_size': 400, 'hop_size': 160, 'n_mels': 80, 'f_min': 50, 'f_max': 8000, 'window': 'hanning', 'norm_pix_loss': False, 'batch_size': 16, 'lr_lineareval': 0.0003, 'report_per_epochs': 20, 'early_stop_epochs': 20, 'task_metadata': 'evar/metadata/esc50.csv', 'task_data': 'work/16k/esc50', 'unit_samples': 80000, 'id': 'esc50_ar_msm_mae.AR_MSM_MAE_74a6636d', 'runtime_cfg': {'lr': 0.0003, 'seed': 42, 'hidden': [], 'standard_scaler': True, 'mixup': False, 'epochs': 200, 'early_stop_epochs': 20, 'id': '865f5e4b'}, 'input_size': [80, 512], 'patch_size': [16, 16], 'model': 'mae_vit_base_patch16x16'}
logs/esc50_ar_msm_mae.AR_MSM_MAE_74a6636d/esc50-ar-msm-mae.MSM-MAE-LE_08be7180_0.88900.csv"
MAE,us8k,0.8402088999939277,53ae2d3f,"Linear evaluation: us8k_ar_msm_mae.AR_MSM_MAE_53ae2d3f us8k -> 0.84021
{'audio_repr': 'ar_msm_mae.AR_MSM_MAE', 'weight_file': '/lab/msm_mae/80x512p16x16_0425/checkpoint-100.pth', 'feature_d': 3840, 'sample_rate': 16000, 'n_fft': 400, 'window_size': 400, 'hop_size': 160, 'n_mels': 80, 'f_min': 50, 'f_max': 8000, 'window': 'hanning', 'norm_pix_loss': False, 'batch_size': 16, 'lr_lineareval': 0.0003, 'report_per_epochs': 20, 'early_stop_epochs': 20, 'task_metadata': 'evar/metadata/us8k.csv', 'task_data': 'work/16k/us8k', 'unit_samples': 64000, 'id': 'us8k_ar_msm_mae.AR_MSM_MAE_620566c5', 'runtime_cfg': {'lr': 0.0003, 'seed': 42, 'hidden': [], 'standard_scaler': True, 'mixup': False, 'epochs': 200, 'early_stop_epochs': 20, 'id': '865f5e4b'}, 'input_size': [80, 512], 'patch_size': [16, 16], 'model': 'mae_vit_base_patch16x16'}
logs/us8k_ar_msm_mae.AR_MSM_MAE_620566c5/us8k-ar-msm-mae.MSM-MAE-LE_53ae2d3f_0.84021.csv"
MAE,vc1,0.5647800266634347,a4284387,"Linear evaluation: vc1_ar_msm_mae.AR_MSM_MAE_a4284387 vc1 -> 0.56478
{'audio_repr': 'ar_msm_mae.AR_MSM_MAE', 'weight_file': '/lab/msm_mae/80x512p16x16_0425/checkpoint-100.pth', 'feature_d': 3840, 'sample_rate': 16000, 'n_fft': 400, 'window_size': 400, 'hop_size': 160, 'n_mels': 80, 'f_min': 50, 'f_max': 8000, 'window': 'hanning', 'norm_pix_loss': False, 'batch_size': 16, 'lr_lineareval': 0.0003, 'report_per_epochs': 20, 'early_stop_epochs': 20, 'task_metadata': 'evar/metadata/vc1.csv', 'task_data': 'work/16k/vc1', 'unit_samples': 131200, 'id': 'vc1_ar_msm_mae.AR_MSM_MAE_3df4748a', 'runtime_cfg': {'lr': 0.0003, 'seed': 42, 'hidden': [], 'standard_scaler': True, 'mixup': False, 'epochs': 200, 'early_stop_epochs': 20, 'id': '865f5e4b'}, 'input_size': [80, 512], 'patch_size': [16, 16], 'model': 'mae_vit_base_patch16x16'}
logs/vc1_ar_msm_mae.AR_MSM_MAE_3df4748a/vc1-ar-msm-mae.MSM-MAE-LE_a4284387_0.56478.csv"
MAE,voxforge,0.9681340687910619,a3a94a79,"Linear evaluation: voxforge_ar_msm_mae.AR_MSM_MAE_a3a94a79 voxforge -> 0.96813
{'audio_repr': 'ar_msm_mae.AR_MSM_MAE', 'weight_file': '/lab/msm_mae/80x512p16x16_0425/checkpoint-100.pth', 'feature_d': 3840, 'sample_rate': 16000, 'n_fft': 400, 'window_size': 400, 'hop_size': 160, 'n_mels': 80, 'f_min': 50, 'f_max': 8000, 'window': 'hanning', 'norm_pix_loss': False, 'batch_size': 16, 'lr_lineareval': 0.0003, 'report_per_epochs': 20, 'early_stop_epochs': 20, 'task_metadata': 'evar/metadata/voxforge.csv', 'task_data': 'work/16k/voxforge', 'unit_samples': 92800, 'id': 'voxforge_ar_msm_mae.AR_MSM_MAE_b948783d', 'runtime_cfg': {'lr': 0.0003, 'seed': 42, 'hidden': [], 'standard_scaler': True, 'mixup': False, 'epochs': 200, 'early_stop_epochs': 20, 'id': '865f5e4b'}, 'input_size': [80, 512], 'patch_size': [16, 16], 'model': 'mae_vit_base_patch16x16'}
logs/voxforge_ar_msm_mae.AR_MSM_MAE_b948783d/voxforge-ar-msm-mae.MSM-MAE-LE_a3a94a79_0.96813.csv"
MAE,nsynth,0.761474609375,dba69966,"Linear evaluation: nsynth_ar_msm_mae.AR_MSM_MAE_dba69966 nsynth -> 0.76147
{'audio_repr': 'ar_msm_mae.AR_MSM_MAE', 'weight_file': '/lab/msm_mae/80x512p16x16_0425/checkpoint-100.pth', 'feature_d': 3840, 'sample_rate': 16000, 'n_fft': 400, 'window_size': 400, 'hop_size': 160, 'n_mels': 80, 'f_min': 50, 'f_max': 8000, 'window': 'hanning', 'norm_pix_loss': False, 'batch_size': 16, 'lr_lineareval': 0.0003, 'report_per_epochs': 20, 'early_stop_epochs': 20, 'task_metadata': 'evar/metadata/nsynth.csv', 'task_data': 'work/16k/nsynth', 'unit_samples': 64000, 'id': 'nsynth_ar_msm_mae.AR_MSM_MAE_36b7b137', 'runtime_cfg': {'lr': 0.0003, 'seed': 42, 'hidden': [], 'standard_scaler': True, 'mixup': False, 'epochs': 200, 'early_stop_epochs': 20, 'id': '865f5e4b'}, 'input_size': [80, 512], 'patch_size': [16, 16], 'model': 'mae_vit_base_patch16x16'}
logs/nsynth_ar_msm_mae.AR_MSM_MAE_36b7b137/nsynth-ar-msm-mae.MSM-MAE-LE_dba69966_0.76147.csv"
MAE,surge,0.3743654822335025,2c086329,"Linear evaluation: surge_ar_msm_mae.AR_MSM_MAE_2c086329 surge -> 0.37437
{'audio_repr': 'ar_msm_mae.AR_MSM_MAE', 'weight_file': '/lab/msm_mae/80x512p16x16_0425/checkpoint-100.pth', 'feature_d': 3840, 'sample_rate': 16000, 'n_fft': 400, 'window_size': 400, 'hop_size': 160, 'n_mels': 80, 'f_min': 50, 'f_max': 8000, 'window': 'hanning', 'norm_pix_loss': False, 'batch_size': 16, 'lr_lineareval': 0.0003, 'report_per_epochs': 20, 'early_stop_epochs': 20, 'task_metadata': 'evar/metadata/surge.csv', 'task_data': 'work/16k/surge', 'unit_samples': 64000, 'id': 'surge_ar_msm_mae.AR_MSM_MAE_5d0615f6', 'runtime_cfg': {'lr': 0.0003, 'seed': 42, 'hidden': [], 'standard_scaler': True, 'mixup': False, 'epochs': 200, 'early_stop_epochs': 20, 'id': '865f5e4b'}, 'input_size': [80, 512], 'patch_size': [16, 16], 'model': 'mae_vit_base_patch16x16'}
logs/surge_ar_msm_mae.AR_MSM_MAE_5d0615f6/surge-ar-msm-mae.MSM-MAE-LE_2c086329_0.37437.csv"
MAE,cremad,0.6686009026434558,3ffd61d3,"Linear evaluation: cremad_ar_msm_mae.AR_MSM_MAE_3ffd61d3 cremad -> 0.66860
{'audio_repr': 'ar_msm_mae.AR_MSM_MAE', 'weight_file': '/lab/msm_mae/80x208p16x16_0422/checkpoint-100.pth', 'feature_d': 3840, 'sample_rate': 16000, 'n_fft': 400, 'window_size': 400, 'hop_size': 160, 'n_mels': 80, 'f_min': 50, 'f_max': 8000, 'window': 'hanning', 'norm_pix_loss': False, 'batch_size': 16, 'lr_lineareval': 0.0003, 'report_per_epochs': 20, 'early_stop_epochs': 20, 'task_metadata': 'evar/metadata/cremad.csv', 'task_data': 'work/16k/cremad', 'unit_samples': 40000, 'id': 'cremad_ar_msm_mae.AR_MSM_MAE_b838e665', 'runtime_cfg': {'lr': 0.0003, 'seed': 42, 'hidden': [], 'standard_scaler': True, 'mixup': False, 'epochs': 200, 'early_stop_epochs': 20, 'id': '865f5e4b'}, 'input_size': [80, 208], 'patch_size': [16, 16], 'model': 'mae_vit_base_patch16x16'}
logs/cremad_ar_msm_mae.AR_MSM_MAE_b838e665/cremad-ar-msm-mae.MSM-MAE-LE_3ffd61d3_0.66860.csv"
MAE,gtzan,0.7586206896551724,8c6fe7d3,"Linear evaluation: gtzan_ar_msm_mae.AR_MSM_MAE_8c6fe7d3 gtzan -> 0.75862
{'audio_repr': 'ar_msm_mae.AR_MSM_MAE', 'weight_file': '/lab/msm_mae/80x208p16x16_0422/checkpoint-100.pth', 'feature_d': 3840, 'sample_rate': 16000, 'n_fft': 400, 'window_size': 400, 'hop_size': 160, 'n_mels': 80, 'f_min': 50, 'f_max': 8000, 'window': 'hanning', 'norm_pix_loss': False, 'batch_size': 16, 'lr_lineareval': 0.0003, 'report_per_epochs': 20, 'early_stop_epochs': 20, 'task_metadata': 'evar/metadata/gtzan.csv', 'task_data': 'work/16k/gtzan', 'unit_samples': 480000, 'id': 'gtzan_ar_msm_mae.AR_MSM_MAE_df03da54', 'runtime_cfg': {'lr': 0.0003, 'seed': 42, 'hidden': [], 'standard_scaler': True, 'mixup': False, 'epochs': 200, 'early_stop_epochs': 20, 'id': '865f5e4b'}, 'input_size': [80, 208], 'patch_size': [16, 16], 'model': 'mae_vit_base_patch16x16'}
logs/gtzan_ar_msm_mae.AR_MSM_MAE_df03da54/gtzan-ar-msm-mae.MSM-MAE-LE_8c6fe7d3_0.75862.csv"
MAE,spcv2,0.9108587005906408,87c0fb58,"Linear evaluation: spcv2_ar_msm_mae.AR_MSM_MAE_87c0fb58 spcv2 -> 0.91086
{'audio_repr': 'ar_msm_mae.AR_MSM_MAE', 'weight_file': '/lab/msm_mae/80x208p16x16_0422/checkpoint-100.pth', 'feature_d': 3840, 'sample_rate': 16000, 'n_fft': 400, 'window_size': 400, 'hop_size': 160, 'n_mels': 80, 'f_min': 50, 'f_max': 8000, 'window': 'hanning', 'norm_pix_loss': False, 'batch_size': 16, 'lr_lineareval': 0.0003, 'report_per_epochs': 20, 'early_stop_epochs': 20, 'task_metadata': 'evar/metadata/spcv2.csv', 'task_data': 'work/16k/spcv2', 'unit_samples': 16000, 'id': 'spcv2_ar_msm_mae.AR_MSM_MAE_5f441a73', 'runtime_cfg': {'lr': 0.0003, 'seed': 42, 'hidden': [], 'standard_scaler': True, 'mixup': False, 'epochs': 200, 'early_stop_epochs': 20, 'id': '865f5e4b'}, 'input_size': [80, 208], 'patch_size': [16, 16], 'model': 'mae_vit_base_patch16x16'}
logs/spcv2_ar_msm_mae.AR_MSM_MAE_5f441a73/spcv2-ar-msm-mae.MSM-MAE-LE_87c0fb58_0.91086.csv"
MAE,esc50,0.8710000000000001,0326d39d,"Linear evaluation: esc50_ar_msm_mae.AR_MSM_MAE_0326d39d esc50 -> 0.87100
{'audio_repr': 'ar_msm_mae.AR_MSM_MAE', 'weight_file': '/lab/msm_mae/80x208p16x16_0422/checkpoint-100.pth', 'feature_d': 3840, 'sample_rate': 16000, 'n_fft': 400, 'window_size': 400, 'hop_size': 160, 'n_mels': 80, 'f_min': 50, 'f_max': 8000, 'window': 'hanning', 'norm_pix_loss': False, 'batch_size': 16, 'lr_lineareval': 0.0003, 'report_per_epochs': 20, 'early_stop_epochs': 20, 'task_metadata': 'evar/metadata/esc50.csv', 'task_data': 'work/16k/esc50', 'unit_samples': 80000, 'id': 'esc50_ar_msm_mae.AR_MSM_MAE_90ca5f82', 'runtime_cfg': {'lr': 0.0003, 'seed': 42, 'hidden': [], 'standard_scaler': True, 'mixup': False, 'epochs': 200, 'early_stop_epochs': 20, 'id': '865f5e4b'}, 'input_size': [80, 208], 'patch_size': [16, 16], 'model': 'mae_vit_base_patch16x16'}
logs/esc50_ar_msm_mae.AR_MSM_MAE_90ca5f82/esc50-ar-msm-mae.MSM-MAE-LE_0326d39d_0.87100.csv"
MAE,us8k,0.8224728225218498,8334745f,"Linear evaluation: us8k_ar_msm_mae.AR_MSM_MAE_8334745f us8k -> 0.82247
{'audio_repr': 'ar_msm_mae.AR_MSM_MAE', 'weight_file': '/lab/msm_mae/80x208p16x16_0422/checkpoint-100.pth', 'feature_d': 3840, 'sample_rate': 16000, 'n_fft': 400, 'window_size': 400, 'hop_size': 160, 'n_mels': 80, 'f_min': 50, 'f_max': 8000, 'window': 'hanning', 'norm_pix_loss': False, 'batch_size': 16, 'lr_lineareval': 0.0003, 'report_per_epochs': 20, 'early_stop_epochs': 20, 'task_metadata': 'evar/metadata/us8k.csv', 'task_data': 'work/16k/us8k', 'unit_samples': 64000, 'id': 'us8k_ar_msm_mae.AR_MSM_MAE_dc4ea96b', 'runtime_cfg': {'lr': 0.0003, 'seed': 42, 'hidden': [], 'standard_scaler': True, 'mixup': False, 'epochs': 200, 'early_stop_epochs': 20, 'id': '865f5e4b'}, 'input_size': [80, 208], 'patch_size': [16, 16], 'model': 'mae_vit_base_patch16x16'}
logs/us8k_ar_msm_mae.AR_MSM_MAE_dc4ea96b/us8k-ar-msm-mae.MSM-MAE-LE_8334745f_0.82247.csv"
MAE,vc1,0.4965458732274876,1455ca81,"Linear evaluation: vc1_ar_msm_mae.AR_MSM_MAE_1455ca81 vc1 -> 0.49655
{'audio_repr': 'ar_msm_mae.AR_MSM_MAE', 'weight_file': '/lab/msm_mae/80x208p16x16_0422/checkpoint-100.pth', 'feature_d': 3840, 'sample_rate': 16000, 'n_fft': 400, 'window_size': 400, 'hop_size': 160, 'n_mels': 80, 'f_min': 50, 'f_max': 8000, 'window': 'hanning', 'norm_pix_loss': False, 'batch_size': 16, 'lr_lineareval': 0.0003, 'report_per_epochs': 20, 'early_stop_epochs': 20, 'task_metadata': 'evar/metadata/vc1.csv', 'task_data': 'work/16k/vc1', 'unit_samples': 131200, 'id': 'vc1_ar_msm_mae.AR_MSM_MAE_21190e04', 'runtime_cfg': {'lr': 0.0003, 'seed': 42, 'hidden': [], 'standard_scaler': True, 'mixup': False, 'epochs': 200, 'early_stop_epochs': 20, 'id': '865f5e4b'}, 'input_size': [80, 208], 'patch_size': [16, 16], 'model': 'mae_vit_base_patch16x16'}
logs/vc1_ar_msm_mae.AR_MSM_MAE_21190e04/vc1-ar-msm-mae.MSM-MAE-LE_1455ca81_0.49655.csv"
MAE,voxforge,0.9559779362681377,7f67c7af,"Linear evaluation: voxforge_ar_msm_mae.AR_MSM_MAE_7f67c7af voxforge -> 0.95598
{'audio_repr': 'ar_msm_mae.AR_MSM_MAE', 'weight_file': '/lab/msm_mae/80x208p16x16_0422/checkpoint-100.pth', 'feature_d': 3840, 'sample_rate': 16000, 'n_fft': 400, 'window_size': 400, 'hop_size': 160, 'n_mels': 80, 'f_min': 50, 'f_max': 8000, 'window': 'hanning', 'norm_pix_loss': False, 'batch_size': 16, 'lr_lineareval': 0.0003, 'report_per_epochs': 20, 'early_stop_epochs': 20, 'task_metadata': 'evar/metadata/voxforge.csv', 'task_data': 'work/16k/voxforge', 'unit_samples': 92800, 'id': 'voxforge_ar_msm_mae.AR_MSM_MAE_019f9660', 'runtime_cfg': {'lr': 0.0003, 'seed': 42, 'hidden': [], 'standard_scaler': True, 'mixup': False, 'epochs': 200, 'early_stop_epochs': 20, 'id': '865f5e4b'}, 'input_size': [80, 208], 'patch_size': [16, 16], 'model': 'mae_vit_base_patch16x16'}
logs/voxforge_ar_msm_mae.AR_MSM_MAE_019f9660/voxforge-ar-msm-mae.MSM-MAE-LE_7f67c7af_0.95598.csv"
MAE,nsynth,0.765380859375,7c1c47b0,"Linear evaluation: nsynth_ar_msm_mae.AR_MSM_MAE_7c1c47b0 nsynth -> 0.76538
{'audio_repr': 'ar_msm_mae.AR_MSM_MAE', 'weight_file': '/lab/msm_mae/80x208p16x16_0422/checkpoint-100.pth', 'feature_d': 3840, 'sample_rate': 16000, 'n_fft': 400, 'window_size': 400, 'hop_size': 160, 'n_mels': 80, 'f_min': 50, 'f_max': 8000, 'window': 'hanning', 'norm_pix_loss': False, 'batch_size': 16, 'lr_lineareval': 0.0003, 'report_per_epochs': 20, 'early_stop_epochs': 20, 'task_metadata': 'evar/metadata/nsynth.csv', 'task_data': 'work/16k/nsynth', 'unit_samples': 64000, 'id': 'nsynth_ar_msm_mae.AR_MSM_MAE_7e923201', 'runtime_cfg': {'lr': 0.0003, 'seed': 42, 'hidden': [], 'standard_scaler': True, 'mixup': False, 'epochs': 200, 'early_stop_epochs': 20, 'id': '865f5e4b'}, 'input_size': [80, 208], 'patch_size': [16, 16], 'model': 'mae_vit_base_patch16x16'}
logs/nsynth_ar_msm_mae.AR_MSM_MAE_7e923201/nsynth-ar-msm-mae.MSM-MAE-LE_7c1c47b0_0.76538.csv"
MAE,surge,0.37799953853253343,86efa3bf,"Linear evaluation: surge_ar_msm_mae.AR_MSM_MAE_86efa3bf surge -> 0.37800
{'audio_repr': 'ar_msm_mae.AR_MSM_MAE', 'weight_file': '/lab/msm_mae/80x208p16x16_0422/checkpoint-100.pth', 'feature_d': 3840, 'sample_rate': 16000, 'n_fft': 400, 'window_size': 400, 'hop_size': 160, 'n_mels': 80, 'f_min': 50, 'f_max': 8000, 'window': 'hanning', 'norm_pix_loss': False, 'batch_size': 16, 'lr_lineareval': 0.0003, 'report_per_epochs': 20, 'early_stop_epochs': 20, 'task_metadata': 'evar/metadata/surge.csv', 'task_data': 'work/16k/surge', 'unit_samples': 64000, 'id': 'surge_ar_msm_mae.AR_MSM_MAE_cb05a4d8', 'runtime_cfg': {'lr': 0.0003, 'seed': 42, 'hidden': [], 'standard_scaler': True, 'mixup': False, 'epochs': 200, 'early_stop_epochs': 20, 'id': '865f5e4b'}, 'input_size': [80, 208], 'patch_size': [16, 16], 'model': 'mae_vit_base_patch16x16'}
logs/surge_ar_msm_mae.AR_MSM_MAE_cb05a4d8/surge-ar-msm-mae.MSM-MAE-LE_86efa3bf_0.37800.csv"
MAE,cremad,0.7008381689232753,5907fd7d,"Linear evaluation: cremad_ar_msm_mae.AR_MSM_MAE_5907fd7d cremad -> 0.70084
{'audio_repr': 'ar_msm_mae.AR_MSM_MAE', 'weight_file': '/lab/msm_mae/80x512p16x16_paper/checkpoint-100.pth', 'feature_d': 3840, 'sample_rate': 16000, 'n_fft': 400, 'window_size': 400, 'hop_size': 160, 'n_mels': 80, 'f_min': 50, 'f_max': 8000, 'window': 'hanning', 'norm_pix_loss': False, 'batch_size': 16, 'lr_lineareval': 0.0003, 'report_per_epochs': 20, 'early_stop_epochs': 20, 'task_metadata': 'evar/metadata/cremad.csv', 'task_data': 'work/16k/cremad', 'unit_samples': 40000, 'id': 'cremad_ar_msm_mae.AR_MSM_MAE_e755f54d', 'runtime_cfg': {'lr': 0.0003, 'seed': 42, 'hidden': [], 'standard_scaler': True, 'mixup': False, 'epochs': 200, 'early_stop_epochs': 20, 'id': '865f5e4b'}, 'input_size': [80, 512], 'patch_size': [16, 16], 'model': 'mae_vit_base_patch16x16'}
logs/cremad_ar_msm_mae.AR_MSM_MAE_e755f54d/cremad-ar-msm-mae.MSM-MAE-LE_5907fd7d_0.70084.csv"
MAE,gtzan,0.7931034482758621,efe8c362,"Linear evaluation: gtzan_ar_msm_mae.AR_MSM_MAE_efe8c362 gtzan -> 0.79310
{'audio_repr': 'ar_msm_mae.AR_MSM_MAE', 'weight_file': '/lab/msm_mae/80x512p16x16_paper/checkpoint-100.pth', 'feature_d': 3840, 'sample_rate': 16000, 'n_fft': 400, 'window_size': 400, 'hop_size': 160, 'n_mels': 80, 'f_min': 50, 'f_max': 8000, 'window': 'hanning', 'norm_pix_loss': False, 'batch_size': 16, 'lr_lineareval': 0.0003, 'report_per_epochs': 20, 'early_stop_epochs': 20, 'task_metadata': 'evar/metadata/gtzan.csv', 'task_data': 'work/16k/gtzan', 'unit_samples': 480000, 'id': 'gtzan_ar_msm_mae.AR_MSM_MAE_27d29e39', 'runtime_cfg': {'lr': 0.0003, 'seed': 42, 'hidden': [], 'standard_scaler': True, 'mixup': False, 'epochs': 200, 'early_stop_epochs': 20, 'id': '865f5e4b'}, 'input_size': [80, 512], 'patch_size': [16, 16], 'model': 'mae_vit_base_patch16x16'}
logs/gtzan_ar_msm_mae.AR_MSM_MAE_27d29e39/gtzan-ar-msm-mae.MSM-MAE-LE_efe8c362_0.79310.csv"
MAE,spcv2,0.9305770104497956,2d0c24a6,"Linear evaluation: spcv2_ar_msm_mae.AR_MSM_MAE_2d0c24a6 spcv2 -> 0.93058
{'audio_repr': 'ar_msm_mae.AR_MSM_MAE', 'weight_file': '/lab/msm_mae/80x512p16x16_paper/checkpoint-100.pth', 'feature_d': 3840, 'sample_rate': 16000, 'n_fft': 400, 'window_size': 400, 'hop_size': 160, 'n_mels': 80, 'f_min': 50, 'f_max': 8000, 'window': 'hanning', 'norm_pix_loss': False, 'batch_size': 16, 'lr_lineareval': 0.0003, 'report_per_epochs': 20, 'early_stop_epochs': 20, 'task_metadata': 'evar/metadata/spcv2.csv', 'task_data': 'work/16k/spcv2', 'unit_samples': 16000, 'id': 'spcv2_ar_msm_mae.AR_MSM_MAE_b92c724e', 'runtime_cfg': {'lr': 0.0003, 'seed': 42, 'hidden': [], 'standard_scaler': True, 'mixup': False, 'epochs': 200, 'early_stop_epochs': 20, 'id': '865f5e4b'}, 'input_size': [80, 512], 'patch_size': [16, 16], 'model': 'mae_vit_base_patch16x16'}
logs/spcv2_ar_msm_mae.AR_MSM_MAE_b92c724e/spcv2-ar-msm-mae.MSM-MAE-LE_2d0c24a6_0.93058.csv"
MAE,esc50,0.8915,b47b89b2,"Linear evaluation: esc50_ar_msm_mae.AR_MSM_MAE_b47b89b2 esc50 -> 0.89150
{'audio_repr': 'ar_msm_mae.AR_MSM_MAE', 'weight_file': '/lab/msm_mae/80x512p16x16_paper/checkpoint-100.pth', 'feature_d': 3840, 'sample_rate': 16000, 'n_fft': 400, 'window_size': 400, 'hop_size': 160, 'n_mels': 80, 'f_min': 50, 'f_max': 8000, 'window': 'hanning', 'norm_pix_loss': False, 'batch_size': 16, 'lr_lineareval': 0.0003, 'report_per_epochs': 20, 'early_stop_epochs': 20, 'task_metadata': 'evar/metadata/esc50.csv', 'task_data': 'work/16k/esc50', 'unit_samples': 80000, 'id': 'esc50_ar_msm_mae.AR_MSM_MAE_ffe3ef47', 'runtime_cfg': {'lr': 0.0003, 'seed': 42, 'hidden': [], 'standard_scaler': True, 'mixup': False, 'epochs': 200, 'early_stop_epochs': 20, 'id': '865f5e4b'}, 'input_size': [80, 512], 'patch_size': [16, 16], 'model': 'mae_vit_base_patch16x16'}
logs/esc50_ar_msm_mae.AR_MSM_MAE_ffe3ef47/esc50-ar-msm-mae.MSM-MAE-LE_b47b89b2_0.89150.csv"
MAE,us8k,0.8429603957870269,40d94acd,"Linear evaluation: us8k_ar_msm_mae.AR_MSM_MAE_40d94acd us8k -> 0.84296
{'audio_repr': 'ar_msm_mae.AR_MSM_MAE', 'weight_file': '/lab/msm_mae/80x512p16x16_paper/checkpoint-100.pth', 'feature_d': 3840, 'sample_rate': 16000, 'n_fft': 400, 'window_size': 400, 'hop_size': 160, 'n_mels': 80, 'f_min': 50, 'f_max': 8000, 'window': 'hanning', 'norm_pix_loss': False, 'batch_size': 16, 'lr_lineareval': 0.0003, 'report_per_epochs': 20, 'early_stop_epochs': 20, 'task_metadata': 'evar/metadata/us8k.csv', 'task_data': 'work/16k/us8k', 'unit_samples': 64000, 'id': 'us8k_ar_msm_mae.AR_MSM_MAE_a6cdb3ae', 'runtime_cfg': {'lr': 0.0003, 'seed': 42, 'hidden': [], 'standard_scaler': True, 'mixup': False, 'epochs': 200, 'early_stop_epochs': 20, 'id': '865f5e4b'}, 'input_size': [80, 512], 'patch_size': [16, 16], 'model': 'mae_vit_base_patch16x16'}
logs/us8k_ar_msm_mae.AR_MSM_MAE_a6cdb3ae/us8k-ar-msm-mae.MSM-MAE-LE_40d94acd_0.84296.csv"
MAE,vc1,0.5607805114531572,0db4d46a,"Linear evaluation: vc1_ar_msm_mae.AR_MSM_MAE_0db4d46a vc1 -> 0.56078
{'audio_repr': 'ar_msm_mae.AR_MSM_MAE', 'weight_file': '/lab/msm_mae/80x512p16x16_paper/checkpoint-100.pth', 'feature_d': 3840, 'sample_rate': 16000, 'n_fft': 400, 'window_size': 400, 'hop_size': 160, 'n_mels': 80, 'f_min': 50, 'f_max': 8000, 'window': 'hanning', 'norm_pix_loss': False, 'batch_size': 16, 'lr_lineareval': 0.0003, 'report_per_epochs': 20, 'early_stop_epochs': 20, 'task_metadata': 'evar/metadata/vc1.csv', 'task_data': 'work/16k/vc1', 'unit_samples': 131200, 'id': 'vc1_ar_msm_mae.AR_MSM_MAE_08e12a7f', 'runtime_cfg': {'lr': 0.0003, 'seed': 42, 'hidden': [], 'standard_scaler': True, 'mixup': False, 'epochs': 200, 'early_stop_epochs': 20, 'id': '865f5e4b'}, 'input_size': [80, 512], 'patch_size': [16, 16], 'model': 'mae_vit_base_patch16x16'}
logs/vc1_ar_msm_mae.AR_MSM_MAE_08e12a7f/vc1-ar-msm-mae.MSM-MAE-LE_0db4d46a_0.56078.csv"
MAE,voxforge,0.9752661349822576,b7d0ce21,"Linear evaluation: voxforge_ar_msm_mae.AR_MSM_MAE_b7d0ce21 voxforge -> 0.97527
{'audio_repr': 'ar_msm_mae.AR_MSM_MAE', 'weight_file': '/lab/msm_mae/80x512p16x16_paper/checkpoint-100.pth', 'feature_d': 3840, 'sample_rate': 16000, 'n_fft': 400, 'window_size': 400, 'hop_size': 160, 'n_mels': 80, 'f_min': 50, 'f_max': 8000, 'window': 'hanning', 'norm_pix_loss': False, 'batch_size': 16, 'lr_lineareval': 0.0003, 'report_per_epochs': 20, 'early_stop_epochs': 20, 'task_metadata': 'evar/metadata/voxforge.csv', 'task_data': 'work/16k/voxforge', 'unit_samples': 92800, 'id': 'voxforge_ar_msm_mae.AR_MSM_MAE_c93e4224', 'runtime_cfg': {'lr': 0.0003, 'seed': 42, 'hidden': [], 'standard_scaler': True, 'mixup': False, 'epochs': 200, 'early_stop_epochs': 20, 'id': '865f5e4b'}, 'input_size': [80, 512], 'patch_size': [16, 16], 'model': 'mae_vit_base_patch16x16'}
logs/voxforge_ar_msm_mae.AR_MSM_MAE_c93e4224/voxforge-ar-msm-mae.MSM-MAE-LE_b7d0ce21_0.97527.csv"
MAE,nsynth,0.76904296875,6d92ba18,"Linear evaluation: nsynth_ar_msm_mae.AR_MSM_MAE_6d92ba18 nsynth -> 0.76904
{'audio_repr': 'ar_msm_mae.AR_MSM_MAE', 'weight_file': '/lab/msm_mae/80x512p16x16_paper/checkpoint-100.pth', 'feature_d': 3840, 'sample_rate': 16000, 'n_fft': 400, 'window_size': 400, 'hop_size': 160, 'n_mels': 80, 'f_min': 50, 'f_max': 8000, 'window': 'hanning', 'norm_pix_loss': False, 'batch_size': 16, 'lr_lineareval': 0.0003, 'report_per_epochs': 20, 'early_stop_epochs': 20, 'task_metadata': 'evar/metadata/nsynth.csv', 'task_data': 'work/16k/nsynth', 'unit_samples': 64000, 'id': 'nsynth_ar_msm_mae.AR_MSM_MAE_694a080a', 'runtime_cfg': {'lr': 0.0003, 'seed': 42, 'hidden': [], 'standard_scaler': True, 'mixup': False, 'epochs': 200, 'early_stop_epochs': 20, 'id': '865f5e4b'}, 'input_size': [80, 512], 'patch_size': [16, 16], 'model': 'mae_vit_base_patch16x16'}
logs/nsynth_ar_msm_mae.AR_MSM_MAE_694a080a/nsynth-ar-msm-mae.MSM-MAE-LE_6d92ba18_0.76904.csv"
MAE,surge,0.375,84363beb,"Linear evaluation: surge_ar_msm_mae.AR_MSM_MAE_84363beb surge -> 0.37500
{'audio_repr': 'ar_msm_mae.AR_MSM_MAE', 'weight_file': '/lab/msm_mae/80x512p16x16_paper/checkpoint-100.pth', 'feature_d': 3840, 'sample_rate': 16000, 'n_fft': 400, 'window_size': 400, 'hop_size': 160, 'n_mels': 80, 'f_min': 50, 'f_max': 8000, 'window': 'hanning', 'norm_pix_loss': False, 'batch_size': 16, 'lr_lineareval': 0.0003, 'report_per_epochs': 20, 'early_stop_epochs': 20, 'task_metadata': 'evar/metadata/surge.csv', 'task_data': 'work/16k/surge', 'unit_samples': 64000, 'id': 'surge_ar_msm_mae.AR_MSM_MAE_824ef91c', 'runtime_cfg': {'lr': 0.0003, 'seed': 42, 'hidden': [], 'standard_scaler': True, 'mixup': False, 'epochs': 200, 'early_stop_epochs': 20, 'id': '865f5e4b'}, 'input_size': [80, 512], 'patch_size': [16, 16], 'model': 'mae_vit_base_patch16x16'}
logs/surge_ar_msm_mae.AR_MSM_MAE_824ef91c/surge-ar-msm-mae.MSM-MAE-LE_84363beb_0.37500.csv"
